﻿cvr_d1;cvr_d2;cvr_t_1;cvr_t_2;cvr_b_1;cvr_b_2;cvr_b_3;cvr_i_1;cvr_i_2;cvr_i_3;cvr_icon;cvr_snoska;
"Toyota Hilux с выгодой 100 000 рублей
C 1 по 31 октября 2020 года выгода 100 000 рублей при приобретении Toyota Hilux.
Выгоды достигаются посредством предоставления скидки 100 000 рублей от максимальной цены перепродажи автомобиля Toyota Hilux при передаче автомобиля с пробегом (автомобиль в собственности не менее 3 месяцев) в счет стоимости нового автомобиля Toyota Hilux 2020 года производства.";"Количество автомобилей в рамках предложения ограничено. 
Подробная информация об этом и других предложениях на сайте www.toyota.ru.";"НОВЫЙ TOYOTA HILUX";"ДО КОНЦА ОКТЯБРЯ";"ПРАКТИЧНЫЙ
И НАДЕЖНЫЙ";"ОЦЕНИТЕ ВЫСОКУЮ
ОСТАТОЧНУЮ
СТОИМОСТЬ";"ИСПЫТАЙТЕ
ДОЛГОВЕЧНЫЙ
НАДЕЖНЫЙ ДВИГАТЕЛЬ";"hl_main.jpg";"hl_front.jpg";"hl_dust.jpg";"logo_n1.png";"*по данным Автостат 2020г.";